date,Name,vx,vx_s,vy,vy_s,vz,vz_s,x,x_s,y,y_s,z,z_s
 A.D. 2000-Jan-01 00:00:00.0000,3548,-0.0074164583,1.07411246E-09,-0.0032432866,1.92967652E-09,0.0003925911,8.37067795E-10,-2.1523977981,1.32521309E-06,4.2446975451,6.07822945E-07,0.647366397,6.31528237E-07
 A.D. 2000-Jan-01 00:00:00.0000,5258,-0.007839234,5.75633424E-10,0.0014335735,1.5243115E-09,-0.0008070709,7.82937787E-10,1.1205204165,1.0164335E-06,4.7744020708,3.97337005E-07,-0.0737417012,5.2350702E-07
 A.D. 2000-Jan-01 00:00:00.0000,8060,-0.0071106804000000004,8.84084666E-10,-0.0031294088,1.56766931E-09,-0.0002887782,7.8276145E-10,-2.4351144349,1.18912776E-06,4.350629221,5.76863171E-07,0.5729524223,6.34727685E-07
 A.D. 2000-Jan-01 00:00:00.0000,9818,-0.0074931072999999985,5.02762435E-10,0.0005765094,1.56673153E-09,0.00039016059999999995,7.20598721E-10,0.46149885479999997,1.16979174E-06,5.1861408495,3.68595177E-07,0.6243324923,6.86575501E-07
 A.D. 2000-Jan-01 00:00:00.0000,13862,-0.0076451923,7.52286767E-10,-0.0016275632000000001,1.91984658E-09,0.0009958616,8.59542906E-10,-1.4190978792,1.37021385E-06,4.7957690261,4.23139026E-07,-0.3210360919,6.18252176E-07
 A.D. 2000-Jan-01 00:00:00.0000,18060,-0.0076404111,4.91508527E-10,0.0010155165,1.48104901E-09,-0.0007113814,7.57239674E-10,0.4487684064,1.02084841E-06,5.0180931173,3.71128103E-07,-0.3735300203,5.54499044E-07
 A.D. 2000-Jan-01 00:00:00.0000,24380,-0.0066828289,1.15199931E-09,-0.0038276621000000004,1.67642798E-09,-0.0003325863,8.27475372E-10,-2.8844566699,1.31438476E-06,4.1526703345,7.63641373E-07,0.5791674889,6.95349096E-07
 A.D. 2000-Jan-01 00:00:00.0000,24420,-0.007061050500000002,1.09936325E-09,-0.0034975705,1.78763581E-09,0.0011761223,7.62069211E-10,-2.1687812704,1.20772388E-06,4.4319000331,6.3352318E-07,0.0273063998,6.36911837E-07
 A.D. 2000-Jan-01 00:00:00.0000,24426,-0.0068020947,1.31572419E-09,-0.003916273,0.000000002,0.0004153073,7.25879322E-10,-2.8215549318,1.37814086E-06,4.0949451399,8.48162363E-07,-0.5646593293,6.41696654E-07
 A.D. 2000-Jan-01 00:00:00.0000,28958,-0.0071773509,1.34887396E-09,-0.0033746216999999998,2.35033003E-09,0.0009665931,7.4351002E-10,-2.3826982242,1.61049847E-06,4.296935674599999,8.30170335E-07,-0.3440241087,0.000000729
 A.D. 2000-Jan-01 00:00:00.0000,39285,-0.0080075722,0.000000001,-0.0018386757000000001,3.12202149E-09,-0.0006296406,9.40513583E-10,-1.1161235617,1.8934372E-06,4.5564551943,5.53498223E-07,0.3916496837,7.2635779E-07
 A.D. 2000-Jan-01 00:00:00.0000,39795,-0.007961626099999999,1.11617276E-09,-0.0018942117,0.000000003,-0.0004612869,1.11885554E-09,-1.4017157740000001,1.85064273E-06,4.496960491399999,6.32807957E-07,0.4714452793,8.28828247E-07
 A.D. 2000-Jan-01 00:00:00.0000,43212,-0.0073741256000000015,9.33482404E-10,-0.0029925736,2.22342699E-09,-0.00032779440000000004,8.48715448E-10,-1.7868040177000002,1.49511842E-06,4.569801557,6.93908391E-07,-0.5176812368,7.59727842E-07
 A.D. 2000-Jan-01 00:00:00.0000,43436,-0.0073271946,7.37224346E-10,0.0013549932000000002,1.82369009E-09,0.0007616251,9.35427384E-10,0.9291285236,1.31147254E-06,5.1467851606,5.70907862E-07,-0.5449785954,0.00000068
 A.D. 2000-Jan-01 00:00:00.0000,53469,-0.007783167099999998,6.11216475E-10,9.24794149756059e-06,2.62352829E-09,0.0002056462,8.44855458E-10,-0.2712229629,1.84131638E-06,4.9436034902,4.06762324E-07,0.6331030256,9.49471441E-07
 A.D. 2000-Jan-01 00:00:00.0000,65150,-0.0079735004,6.78245114E-10,0.0006918139999999999,2.73691387E-09,-0.0002320009,9.3491995E-10,0.5793179214,1.81837437E-06,4.8555689449,4.51175065E-07,-0.616856541,8.07226946E-07
 A.D. 2000-Jan-01 00:00:00.0000,65225,-0.0072976527,1.5194225E-09,-0.0027744142,3.24718913E-09,-5.6307e-05,1.16974E-09,-2.1131721343,2.29131629E-06,4.5450838637999995,9.32103947E-07,-0.6128851757,9.51813158E-07
 A.D. 2000-Jan-01 00:00:00.0000,88229,-0.0073575264,7.80182996E-10,0.0006381881,2.50191797E-09,0.0011109222,1.10312541E-09,0.5092339535,1.6911436E-06,5.2688056111,6.00907153E-07,-0.19088488239999998,7.58237408E-07
 A.D. 2000-Jan-01 00:00:00.0000,101405,-0.007755158299999999,7.04162001E-10,0.0006316015,3.34699134E-09,-0.0007644997,0.000000001,0.1535599346,2.21291316E-06,5.0185503452999995,4.29273151E-07,-0.3178756254,6.95235784E-07
 A.D. 2000-Jan-01 00:00:00.0000,111805,-0.0080322672,9.3490319E-10,0.0016065125,0.000000003,0.0009148565,1.05977545E-09,0.7803431348000001,1.93675063E-06,4.666059745,6.06412164E-07,-0.4606198286,7.41801971E-07
 A.D. 2000-Jan-01 00:00:00.0000,127846,-0.0074389756000000015,7.75555144E-10,-0.0008903274,3.83567797E-09,-0.0008120180000000001,8.14080199E-10,-0.8634908575,2.74152541E-06,5.1745762958,5.43073329E-07,-0.0271120204,8.99825582E-07
 A.D. 2000-Jan-01 00:00:00.0000,160661,-0.007407209699999999,1.43190448E-09,-0.0027001046000000003,3.55925443E-09,-0.0008505996,1.55981861E-09,-2.0317229949,2.38475724E-06,4.5327620068,1.12762458E-06,0.0728346876,1.03687232E-06
 A.D. 2000-Jan-01 00:00:00.0000,160856,-0.0066852162,1.93771117E-09,-0.0035942091999999998,3.24169118E-09,3.2269999999999998e-06,9.22712192E-10,-2.8282788108999997,2.35821492E-06,4.2561299472000025,1.33132291E-06,0.6841874256,8.66534405E-07
 A.D. 2000-Jan-01 00:00:00.0000,163135,-0.0077511457,6.80262172E-10,0.0008481528,2.94945479E-09,-0.0002484446,8.43121609E-10,0.6445405399,1.87237852E-06,4.9184252294999995,4.67406017E-07,0.5646820677000001,7.40783263E-07
 A.D. 2000-Jan-01 00:00:00.0000,163189,-0.0073829626,1.86943776E-09,-0.003003977,0.000000004,-0.0003263285,1.18288817E-09,-2.2160105959,0.00000268,4.3086962676,1.1855533E-06,0.5495229788,8.53449691E-07
 A.D. 2000-Jan-01 00:00:00.0000,163216,-0.0068201926,1.26915683E-09,-0.0031163613,2.59496762E-09,-0.0004647145,9.18559732E-10,-2.3557179652,1.92307488E-06,4.607874217,9.37838813E-07,0.5074939609,9.55091452E-07
 A.D. 2000-Jan-01 00:00:00.0000,166211,-0.0070605442,1.33211398E-09,-0.0027946455,3.2819793E-09,0.0006997880999999999,1.09391393E-09,-1.9070377492,0.000002194,4.726023079,9.37590109E-07,-0.5390879927000001,7.50510897E-07
 A.D. 2000-Jan-01 00:00:00.0000,191088,-0.007738060600000002,5.76718877E-10,-0.0004234477,0.000000003,0.0005083564,0.000000001,-0.6834345216,2.2050821E-06,5.0113904859,4.18714454E-07,-0.6144208193,7.72804945E-07
 A.D. 2000-Jan-01 00:00:00.0000,191116,-0.0083228183,7.75524819E-10,-0.0007148153,3.30738322E-09,0.000543922,1.08290291E-09,-0.3992220941,2.0045244E-06,4.5707453174,4.51067974E-07,-0.5853249489,0.000000683
 A.D. 2000-Jan-01 00:00:00.0000,192388,-0.0078083261,1.15740716E-09,-0.0021908453,4.09297054E-09,5.36728261577136e-05,1.10466858E-09,-1.387945056,2.66653226E-06,4.6149824102,8.7326898E-07,-0.6055614864,8.88055536E-07
 A.D. 2000-Jan-01 00:00:00.0000,192929,-0.0072869397,1.56323031E-09,-0.0033316265999999996,2.76916423E-09,0.0011974328,9.2614687E-10,-2.1281104766,1.71688565E-06,4.3600087,8.6470553E-07,0.1715686981,7.39867401E-07
 A.D. 2000-Jan-01 00:00:00.0000,195287,-0.0070181406,1.26282069E-09,-0.0024377761,0.000000003,0.0006475035,1.06469425E-09,-1.9508757582,2.09369519E-06,4.8119077322,0.000000827,-0.5604273118,1.01307209E-06
 A.D. 2000-Jan-01 00:00:00.0000,195312,-0.0072065340000000006,1.15936063E-09,-0.0020284182,2.93573883E-09,0.0007812778,7.68513638E-10,-1.6366885804,2.01285167E-06,4.922710571600001,6.36624654E-07,-0.4750351934000001,7.70603822E-07
 A.D. 2000-Jan-01 00:00:00.0000,195412,-0.0081655752,8.60512655E-10,-0.0007386455000000001,5.15557863E-09,-0.0008751929,1.12442915E-09,-0.6036940219,3.07110093E-06,4.6509394306,5.26076709E-07,0.0094265592,7.70391543E-07
 A.D. 2000-Jan-01 00:00:00.0000,200024,-0.006877327700000001,2.18724871E-09,-0.003521359000000001,4.06851924E-09,7.34032647360233e-05,1.05050693E-09,-2.6822128694,2.82952888E-06,4.2958951308,1.6205636E-06,-0.6146118377,9.98429526E-07
 A.D. 2000-Jan-01 00:00:00.0000,200032,-0.0063993897,2.69024242E-09,-0.0038898948,4.60811005E-09,-0.000750748,1.09753173E-09,-2.9961529107,3.27830736E-06,4.2711512601,2.19123797E-06,-0.2274109495,0.000001159
 A.D. 2000-Jan-01 00:00:00.0000,210237,-0.006233965,2.1208821E-09,-0.0039429758,3.51416089E-09,2.51322894350278e-05,9.15376761E-10,-3.0717319130000003,2.47711574E-06,4.3168196537,0.000001677,-0.6396877809,9.43122654E-07
 A.D. 2000-Jan-01 00:00:00.0000,214376,-0.007563049699999999,6.66779997E-10,-0.00024443830000000003,3.06803468E-09,0.0005794652,0.000000001,-0.5056821042,2.22329795E-06,5.1436785403,4.66770025E-07,-0.5983833556,7.43123236E-07
 A.D. 2000-Jan-01 00:00:00.0000,219835,-0.0080921573,1.11156156E-09,0.0018003147,3.35625468E-09,-0.0001565469,1.15674828E-09,1.1616906497,2.05638474E-06,4.5200801661000005,0.000000728,0.5266346425,9.76465807E-07
 A.D. 2000-Jan-01 00:00:00.0000,221786,-0.0075369405,1.26832614E-09,0.0012758543,4.05969516E-09,0.0001513753,1.11031985E-09,0.9540217729000001,2.90621862E-06,5.0019444748,5.76936786E-07,-0.7028210302,9.33611357E-07
 A.D. 2000-Jan-01 00:00:00.0000,222861,-0.0077060718,1.61795015E-09,-0.0022803904,4.55878697E-09,-0.0004221412,1.34007603E-09,-1.7672263237999999,0.00000298,4.4747530965,0.00000103,0.4853680011,9.86626711E-07
 A.D. 2000-Jan-01 00:00:00.0000,223251,-0.0077464189000000004,8.32796576E-10,2.11958328987776e-05,3.71492915E-09,0.0011885779,0.000000001,-0.3132927208,2.31951617E-06,4.9592965019,5.27892425E-07,0.0213947915,0.00000078
 A.D. 2000-Jan-01 00:00:00.0000,225214,-0.0069033184,4.33020259E-09,-0.0038431665,7.22312292E-09,-0.0002625194,1.60303143E-09,-2.7950409564,4.77810343E-06,4.0416085147,2.82377581E-06,-0.5539578221,1.02967555E-06
 A.D. 2000-Jan-01 00:00:00.0000,225222,-0.0072052928000000014,1.2832374E-09,-0.0025163621,3.59008677E-09,-0.0008208696000000001,1.35772548E-09,-2.0374142386000003,2.38008046E-06,4.6443309283,1.10028237E-06,-0.1095797311,9.74403335E-07
 A.D. 2000-Jan-01 00:00:00.0000,225227,-0.0069432376,2.66823159E-09,-0.0037688005,4.79346228E-09,-0.0003537725,0.000000001,-2.6186148633,3.14108532E-06,4.153534529,1.78683064E-06,-0.5285535859,7.48860608E-07
 A.D. 2000-Jan-01 00:00:00.0000,225359,-0.0081226908,1.32325176E-09,0.001213465,5.27932857E-09,0.000562349,1.26043669E-09,0.8027699898999999,3.21240823E-06,4.6190299993,6.62155684E-07,0.5126891691,9.82210128E-07
 A.D. 2000-Jan-01 00:00:00.0000,226067,-0.0069494833,1.80746312E-09,-0.0035585504,3.8841891E-09,-0.00012816,1.15325159E-09,-2.2461172618000003,2.56092965E-06,4.441743124599999,1.36386286E-06,0.6548284839999999,9.50544831E-07
 A.D. 2000-Jan-01 00:00:00.0000,228005,-0.0069388655,1.46048048E-09,-0.0025412796,4.39223288E-09,-0.0003269406,1.16835556E-09,-1.8997058696,3.11990666E-06,4.925841377099999,1.28466954E-06,0.5648921379,1.11491922E-06
 A.D. 2000-Jan-01 00:00:00.0000,228007,-0.006234231,2.38638562E-09,-0.0044265417,3.25390074E-09,0.0003410529,0.000000001,-3.3163089789,2.18860138E-06,3.8739335045999996,1.67230097E-06,-0.5891305432,9.35416927E-07
 A.D. 2000-Jan-01 00:00:00.0000,228097,-0.006391239599999999,3.5239977E-09,-0.0040111374,5.63591691E-09,-0.0007677059,1.44338884E-09,-3.1366212736000003,3.83473156E-06,4.1233035546,0.000002662,-0.2131677007,1.14578612E-06
 A.D. 2000-Jan-01 00:00:00.0000,228098,-0.006667906899999999,2.31892383E-09,-0.0033631413,5.22088229E-09,3.23977072478977e-05,1.19606405E-09,-2.3659099543,3.61821459E-06,4.6667474422,1.89669677E-06,0.6748179798,1.09122788E-06
 A.D. 2000-Jan-01 00:00:00.0000,228115,-0.0072565305,2.27748078E-09,-0.0036611532,4.44049987E-09,0.00032700540000000003,1.62029405E-09,-2.2442177378,0.000002892,4.2044073998,1.47126831E-06,-0.5862030884,1.08273098E-06
 A.D. 2000-Jan-01 00:00:00.0000,228116,-0.0074697539,9.46766441E-10,-0.0016923161,3.74172277E-09,-0.000226092,0.000000001,-1.1710349420000001,0.000002525,4.8989777287,0.00000072,0.5970894165999999,9.67559507E-07
 A.D. 2000-Jan-01 00:00:00.0000,229822,-0.0063167075,2.41404018E-09,-0.0038550483000000003,3.93353984E-09,-0.0005259321,1.16486779E-09,-2.9047509502,2.6893839E-06,4.3828602899,1.65574043E-06,-0.4283793278,1.14019001E-06
 A.D. 2000-Jan-01 00:00:00.0000,233683,-0.0074248214,2.17659826E-09,-0.0028746107,5.20504225E-09,-0.0008283911,1.53097275E-09,-2.104988484,3.2993079E-06,4.3903005997000015,0.000001512,0.0029856188,0.000001175
 A.D. 2000-Jan-01 00:00:00.0000,237035,-0.0063632409,2.31205055E-09,-0.0040131238,3.76304807E-09,-7.62488034370186e-05,1.10221428E-09,-3.0610205173000002,2.496821E-06,4.1770770159,1.72878902E-06,-0.6146854913,1.12867465E-06
 A.D. 2000-Jan-01 00:00:00.0000,243334,-0.006516215200000001,2.11600395E-09,-0.0035124377,4.12051093E-09,0.0010909477000000001,0.000000001,-2.5901942949000003,2.71956046E-06,4.5594043249,1.56561974E-06,-0.160277045,1.02705288E-06
 A.D. 2000-Jan-01 00:00:00.0000,246145,-0.0080118041,2.13661126E-09,-0.0015502944,8.79424319E-09,0.00036027019999999995,1.517304E-09,-1.2200180568,5.18566698E-06,4.5422424711,0.000001147,-0.5934157759,7.16902891E-07
 A.D. 2000-Jan-01 00:00:00.0000,247409,-0.0077592229,1.12310815E-09,0.0017149359,3.36428653E-09,0.0001323259,1.09044596E-09,1.2206607881,2.23168283E-06,4.7561997368,6.91868839E-07,0.5810190064999999,9.42087927E-07
 A.D. 2000-Jan-01 00:00:00.0000,249247,-0.0063803563,5.89536833E-09,-0.0046238343,7.89198525E-09,-0.00011786340000000001,1.56852131E-09,-3.2288504189,5.32518093E-06,3.7746259589999998,4.02742614E-06,-0.58596599,1.03930348E-06
 A.D. 2000-Jan-01 00:00:00.0000,249256,-0.0069306008,1.88199375E-09,-0.00322382,4.47608211E-09,0.0002965743,1.08211389E-09,-2.1744501786000003,2.90733077E-06,4.6005693943,0.000001455,-0.62144385,8.97121969E-07
 A.D. 2000-Jan-01 00:00:00.0000,249481,-0.0068262963000000005,0.000000003,-0.0035543509000000007,4.7624203E-09,0.0011670628,9.30961194E-10,-2.6662742469,3.1597021E-06,4.2812549754,1.65274154E-06,0.1361360646,9.25469342E-07
 A.D. 2000-Jan-01 00:00:00.0000,252683,-0.0076361366,8.75561467E-10,0.001247555,3.06264744E-09,-0.0007351577000000001,0.000000001,0.9305097756,1.90135416E-06,4.9262339982,7.32879832E-07,0.2409802032,8.02496453E-07
 A.D. 2000-Jan-01 00:00:00.0000,252711,-0.0077695776,8.45102303E-10,0.0008832703,3.14924849E-09,0.00016923830000000002,0.000000001,0.756568397,2.12438795E-06,4.9458938693,5.19887571E-07,0.5937842099,8.17251347E-07
 A.D. 2000-Jan-01 00:00:00.0000,256553,-0.008317749000000001,1.16136207E-09,-0.0009068345,1.42365575E-08,-0.0008509922,1.37679882E-09,-0.49194016490000003,8.1703987E-06,4.5760907119,1.13277207E-06,-0.14010331310000002,1.11162817E-06
 A.D. 2000-Jan-01 00:00:00.0000,258762,-0.0079496039,0.000000001,-0.0013370575,4.0972355E-09,1.1187326939963195e-05,1.14887593E-09,-0.7271200937000001,0.000002578,4.7400476049,6.21601176E-07,0.6056319344,0.000000943
 A.D. 2000-Jan-01 00:00:00.0000,259316,-0.007687085400000002,0.000000001,0.0009829148,3.45522801E-09,-0.00019109470000000002,1.44685649E-09,0.7895052639,2.33782223E-06,4.9263086983,7.58471208E-07,0.5737286036,1.44709762E-06
 A.D. 2000-Jan-01 00:00:00.0000,263822,-0.0070498837,2.33790922E-09,-0.0021845501,8.5874254E-09,3.18405174072666e-05,1.90644479E-09,-1.7685954827,6.3154499E-06,5.0059860237,2.25041522E-06,-0.6541109871999999,1.8221079E-06
 A.D. 2000-Jan-01 00:00:00.0000,263829,-0.0075447058,8.90503069E-10,-0.0003069344,5.16128567E-09,-0.0005469901,1.47543067E-09,-0.35189039270000005,3.437604E-06,5.0895580343999995,0.000000614,-0.4904347167,1.2491544E-06
 A.D. 2000-Jan-01 00:00:00.0000,263833,-0.0078351635,6.25663381E-10,0.00010177370000000001,7.11377636E-09,-0.0001387783,1.41603205E-09,-0.2674579558,0.000004874,4.9883343043,4.47226525E-07,0.5698626878999999,1.14529534E-06
 A.D. 2000-Jan-01 00:00:00.0000,264055,-0.0073301296,1.33812116E-09,0.0012081012,0.000000005,-0.0002613352,1.15805837E-09,0.8461087225,3.45728783E-06,5.192532325299999,7.03460232E-07,-0.6674950751,8.52900049E-07
 A.D. 2000-Jan-01 00:00:00.0000,264071,-0.0074703002,1.75270896E-09,-0.0023222362,5.53831155E-09,-0.0002387418,1.32445794E-09,-1.8404009928999998,3.80760521E-06,4.6644513107,1.45315333E-06,0.5848468171,1.26739714E-06
 A.D. 2000-Jan-01 00:00:00.0000,264101,-0.0075564688,1.50303104E-09,-0.0020413412,5.21080726E-09,-0.000568605,1.26066424E-09,-1.6357298356999999,3.54286948E-06,4.735921307,1.20891102E-06,-0.45906719100000004,1.12171788E-06
 A.D. 2000-Jan-01 00:00:00.0000,264125,-0.0071339234,5.34534831E-09,-0.0038262839,9.57840249E-09,0.0006628699,1.69973205E-09,-2.5103483030000002,6.03683796E-06,4.0733699081,3.29580199E-06,0.6167285742999999,1.00489165E-06
 A.D. 2000-Jan-01 00:00:00.0000,264139,-0.0078876728,0.000000001,-0.00028457360000000003,6.73383402E-09,0.00041570809999999996,1.36217829E-09,0.0307864152,0.000004236,4.8815516892,5.97055364E-07,0.5900188645000001,1.10229868E-06
 A.D. 2000-Jan-01 00:00:00.0000,264156,-0.006469786,2.15902342E-09,-0.0032957389,3.58590129E-09,0.0010028493,1.23419144E-09,-2.6957817952,2.63565153E-06,4.6339855433,1.37438567E-06,0.33588681789999997,1.28334033E-06
 A.D. 2000-Jan-01 00:00:00.0000,264164,-0.007456980500000002,1.05242824E-09,0.000487161,4.16811544E-09,0.0010828193,1.53893693E-09,0.02988441,2.79635832E-06,5.1660170479000005,7.40638348E-07,-0.22540854,1.2002859E-06
 A.D. 2000-Jan-01 00:00:00.0000,264166,-0.0074758309,1.50691308E-09,-0.0024064243,3.54044275E-09,-0.0008310028999999999,1.22434936E-09,-1.8771057147999999,2.4239255E-06,4.6243641030000004,9.13302753E-07,0.1246660635,8.46082663E-07
 A.D. 2000-Jan-01 00:00:00.0000,266647,-0.0075296678000000014,2.59432495E-09,-0.0025554231,0.000000007,-0.0007862694000000001,1.48505669E-09,-1.9549793744,4.35992224E-06,4.4543304679,1.69890664E-06,0.1739064504,1.13442067E-06
 A.D. 2000-Jan-01 00:00:00.0000,266808,-0.0081203183,1.48078352E-09,0.0015109638,4.91298854E-09,-0.0006425119,1.16003689E-09,0.8226660393999999,3.0705454E-06,4.6156534013,6.48421897E-07,-0.4321359938,8.52642114E-07
 A.D. 2000-Jan-01 00:00:00.0000,269327,-0.0068462101,2.68400533E-09,-0.0030554,5.88824938E-09,-0.0008283689999999999,1.49457648E-09,-2.4608442223,4.29769987E-06,4.6127086289,2.10127998E-06,-0.046952365700000005,1.33814819E-06
 A.D. 2000-Jan-01 00:00:00.0000,274675,-0.007416150799999998,2.9336826E-09,-0.0034129291,7.09016311E-09,-0.0006202692,1.43130291E-09,-2.0751991482,4.38856502E-06,4.2912048274000005,2.22176348E-06,0.41226541759999996,9.35363981E-07
 A.D. 2000-Jan-01 00:00:00.0000,275116,-0.007178067,1.71335094E-09,-0.0021853947,5.90463493E-09,0.000789298,1.26135641E-09,-1.5670969623,3.8816543E-06,4.8962358169,1.33619801E-06,0.5397045088,1.1306603E-06
 A.D. 2000-Jan-01 00:00:00.0000,275333,-0.0075145177,9.06826842E-10,-0.0004136076,5.94879458E-09,0.0005068733999999999,1.18677644E-09,-0.2574061582,4.06459137E-06,5.1140865837,6.476317E-07,0.6377795239,1.55054151E-06
 A.D. 2000-Jan-01 00:00:00.0000,287577,-0.0076115174,7.38231829E-10,0.0006376054,3.40315946E-09,0.0001874178,1.12003386E-09,0.17407857699999998,2.45741916E-06,5.1041716042,5.34732705E-07,0.6279311264999999,1.12352809E-06
 A.D. 2000-Jan-01 00:00:00.0000,295491,-0.0079644642,1.77513765E-09,-0.0021911976,6.07190525E-09,-0.0002775223,1.64702539E-09,-1.3742814881999998,3.52934407E-06,4.4519467941,0.000001091,-0.5621925363,1.04559401E-06
 A.D. 2000-Jan-01 00:00:00.0000,295500,-0.007565518399999999,1.47485611E-09,-0.0021431361,4.91322515E-09,9.9838727960775e-05,1.56322686E-09,-1.6653898087999999,3.36939568E-06,4.617169649,1.27843197E-06,0.6468330004,1.92147362E-06
 A.D. 2000-Jan-01 00:00:00.0000,295503,-0.008008444699999999,1.20321834E-09,-0.0013923960999999998,7.16555325E-09,-0.0003737451,1.43365129E-09,-0.9888148501999999,4.58144421E-06,4.7095932753,1.02936E-06,-0.5351162536,9.4554617E-07
 A.D. 2000-Jan-01 00:00:00.0000,295513,-0.0077391482,1.07550105E-09,0.0009002344999999998,5.36326135E-09,-0.00030419240000000003,1.41616216E-09,0.3553608629,3.6376384E-06,4.9635585491,6.32209525E-07,-0.6161776006,1.26720387E-06
 A.D. 2000-Jan-01 00:00:00.0000,295520,-0.007275535699999999,1.91098023E-09,-0.0031232556,4.08291558E-09,-0.0008246749,1.58612306E-09,-2.3132173143,2.7487791E-06,4.3193862711,1.37146498E-06,-0.22347431550000002,1.64822978E-06
 A.D. 2000-Jan-01 00:00:00.0000,295625,-0.0072739369,2.89591135E-09,-0.0033454002,6.31969582E-09,-0.0008205901,1.24902773E-09,-2.2635070848,3.8945534E-06,4.3151679699,1.97547208E-06,0.1263199801,9.79751531E-07
 A.D. 2000-Jan-01 00:00:00.0000,295653,-0.006687395,2.23210273E-09,-0.0034430935999999997,4.06491259E-09,-3.42835502849399e-05,1.06736916E-09,-2.7331554151999997,2.77566581E-06,4.4190446703,1.52794975E-06,-0.6161834666,1.3100887E-06
 A.D. 2000-Jan-01 00:00:00.0000,295701,-0.0066409005000000005,2.46335472E-09,-0.0038240006,4.70789363E-09,0.00020665330000000002,1.15319962E-09,-2.4757369652000003,3.15216981E-06,4.432962240899999,1.87379863E-06,0.6650276468,1.0565256E-06
 A.D. 2000-Jan-01 00:00:00.0000,296581,-0.0075299398,1.43147664E-09,0.0015976267000000002,4.66405197E-09,0.0002663556,1.17971837E-09,1.2655875238,3.03492051E-06,4.8906655933,8.47286458E-07,0.6051341249000001,8.68119243E-07
 A.D. 2000-Jan-01 00:00:00.0000,296604,-0.008129265,0.000000001,0.0007960355999999999,0.000000007,-0.00015653059999999998,1.32481071E-09,0.263528011,4.28971341E-06,4.740342388399999,5.20828975E-07,-0.6210034427000001,7.90510668E-07
 A.D. 2000-Jan-01 00:00:00.0000,306753,-0.007385305,1.49003496E-09,0.0015917329,4.54524373E-09,-0.0008026933,0.000000001,1.1617894868,3.03156693E-06,5.0362965954000005,0.000000792,0.08144569530000001,9.04855852E-07
 A.D. 2000-Jan-01 00:00:00.0000,312461,-0.0075534413,9.07233521E-10,-0.0002236194,9.75460487E-09,-0.0007126138999999999,1.80064412E-09,-0.3240221535,6.23432756E-06,5.1058266083,6.65907954E-07,0.2707363963,1.35681567E-06
 A.D. 2000-Jan-01 00:00:00.0000,312474,-0.0067118526,3.05219602E-09,-0.0030423069,6.91072712E-09,0.0003525818,1.37409174E-09,-2.5629684109,4.7588888E-06,4.6545632101,2.420201E-06,-0.5801921696,1.04829136E-06
 A.D. 2000-Jan-01 00:00:00.0000,312620,-0.0075110699,2.10308459E-09,-0.0028954731,4.76167342E-09,-0.0007638164,1.93714568E-09,-1.9963878203,3.59417808E-06,4.4458201624,1.48813562E-06,-0.2764025883,1.14652798E-06
 A.D. 2000-Jan-01 00:00:00.0000,312622,-0.0073721199,1.19067458E-09,-0.0008140723,8.28181326E-09,0.0007328339999999999,1.61025043E-09,-0.6675070729,5.66107948E-06,5.234770504,0.00000103,0.5618647,1.53818953E-06
 A.D. 2000-Jan-01 00:00:00.0000,313024,-0.0073030543,2.50823483E-09,-0.0026876865999999997,4.30983296E-09,0.001202816,1.55782697E-09,-2.0483633555000003,2.71551062E-06,4.5066714604,1.2184859E-06,0.1384958372,1.04557546E-06
 A.D. 2000-Jan-01 00:00:00.0000,313323,-0.007912989799999999,2.09205077E-09,-0.0023682573,6.62037498E-09,-0.0003213768,1.48255802E-09,-1.5853865064,4.02142025E-06,4.3707112768,1.39548102E-06,0.5449544768,1.20512353E-06
 A.D. 2000-Jan-01 00:00:00.0000,315205,-0.0066965887,8.94714552E-09,-0.0038111052,1.95950512E-08,0.0009431007000000001,2.29127092E-09,-2.5047002836,1.17860633E-05,4.3488944831,7.48449903E-06,-0.38385742100000003,2.0675604E-06
 A.D. 2000-Jan-01 00:00:00.0000,315915,-0.0078162514,1.44493954E-09,-0.0011601521,6.06283961E-09,-0.0008169061999999999,1.92761034E-09,-0.6260549957,3.81936654E-06,4.8433941202,8.30443075E-07,0.0864173567,1.27149072E-06
 A.D. 2000-Jan-01 00:00:00.0000,315918,-0.0071346739,0.000000002,-0.0024683319,6.56639261E-09,-0.0005916808,1.72717835E-09,-1.7682357328,4.72790711E-06,4.8329710729,0.00000194,0.4090714883,1.77673343E-06
 A.D. 2000-Jan-01 00:00:00.0000,315925,-0.006617718199999999,0.000000002,-0.0034080979,4.31301162E-09,-0.0003068591,1.19711898E-09,-2.3499617505000003,2.86993701E-06,4.6884173722,1.52870727E-06,-0.5510242351,9.88913715E-07
 A.D. 2000-Jan-01 00:00:00.0000,315949,-0.0072847221,2.19072759E-09,-0.0028967226,5.5222552E-09,-0.0006938561,1.16391194E-09,-1.8081137186000005,3.28974266E-06,4.5915155281,1.26258155E-06,-0.2956533212,9.30070432E-07
 A.D. 2000-Jan-01 00:00:00.0000,315950,-0.0064443839000000004,9.1357965E-09,-0.0038820195,1.5317015E-08,-0.000614182,1.79106403E-09,-2.9772412757,1.04673832E-05,4.2502302549,6.62975523E-06,-0.3817709504,1.50592509E-06
 A.D. 2000-Jan-01 00:00:00.0000,315954,-0.0068278183999999995,9.67703277E-09,-0.0037360703000000003,2.0789693E-08,-0.000507643,2.79022269E-09,-2.4389842551,1.29980897E-05,4.3574234239,7.59070489E-06,0.5045686442,1.58278363E-06
 A.D. 2000-Jan-01 00:00:00.0000,316130,-0.0080669769,1.68833438E-09,-0.0012587921000000001,7.481094E-09,0.0007512049000000001,1.38680503E-09,-0.9349379804000001,4.53466647E-06,4.6096858371,9.51117554E-07,0.5380287082999999,1.11152694E-06
 A.D. 2000-Jan-01 00:00:00.0000,316157,-0.006792605699999999,3.68333506E-09,-0.0042023402,5.52976327E-09,-0.0005485224,1.47935206E-09,-2.7727313002,3.57630024E-06,4.0178341009,2.20213037E-06,-0.42283915369999997,0.000001069
 A.D. 2000-Jan-01 00:00:00.0000,316165,-0.0075077396,0.000000003,-0.0029862687,7.35121157E-09,0.0012341534,1.30541416E-09,-1.6695265347,4.49873498E-06,4.4580370082,1.87045845E-06,0.0729957763,1.34733073E-06
 A.D. 2000-Jan-01 00:00:00.0000,316174,-0.0067958263,3.28747953E-09,-0.0034710757,0.000000005,0.0008057133,1.25129871E-09,-2.6599304997999997,3.42866954E-06,4.3083814535,1.65549857E-06,0.5644750654999999,1.14573564E-06
 A.D. 2000-Jan-01 00:00:00.0000,316267,-0.0080799027,1.75946092E-09,0.0012618702999999999,7.60124032E-09,0.0012133394999999999,1.06878197E-09,0.767445013,4.50239362E-06,4.6745257108,0.00000107,0.11969604210000001,1.04279889E-06
 A.D. 2000-Jan-01 00:00:00.0000,316446,-0.0078240328,1.46233252E-09,0.0022747341,4.82490313E-09,-0.0008812437,1.43292846E-09,1.4574503553,2.56792979E-06,4.5287865837,1.37844599E-06,0.0836843744,8.79084754E-07
 A.D. 2000-Jan-01 00:00:00.0000,316484,-0.0075187336,1.83189705E-09,0.0013521969,8.1854353E-09,-0.0007317077000000001,0.000000001,0.6735198256999999,5.40343822E-06,5.0774527968,1.04605385E-06,0.1901480202,1.0334038E-06
 A.D. 2000-Jan-01 00:00:00.0000,316551,-0.007702570400000002,2.8532759E-09,-0.002480477,0.00000001,0.0001189264,1.87668168E-09,-1.4435634794999999,5.98125157E-06,4.545253139700001,2.0431112E-06,-0.6019993048,1.05687826E-06
 A.D. 2000-Jan-01 00:00:00.0000,316552,-0.007312467,2.11532257E-09,-0.0024484408,6.60086902E-09,0.000838922,1.39827807E-09,-1.42454073,4.25006648E-06,4.7992394395,1.54589275E-06,0.5023861096,1.25829268E-06
 A.D. 2000-Jan-01 00:00:00.0000,321095,-0.0070419906999999995,6.90974799E-09,-0.0028669153000000004,1.6913343E-08,0.000689029,2.3047588E-09,-2.3465251174,1.1371435E-05,4.5711631885,5.16962807E-06,-0.48399674060000003,1.67776714E-06
 A.D. 2000-Jan-01 00:00:00.0000,321113,-0.0064563891,3.3701386E-09,-0.0037715584999999997,6.11848264E-09,-0.000622289,1.88413165E-09,-2.6800015221,4.18213387E-06,4.4467796345999995,2.46883841E-06,0.4285075021,0.000001535
 A.D. 2000-Jan-01 00:00:00.0000,321115,-0.006898065,4.74760493E-09,-0.0037427479999999997,8.18263499E-09,2.19430528476536e-05,1.81872843E-09,-2.7485732544999997,5.41084382E-06,4.1039088351999995,3.08618802E-06,0.6554147262,0.000001225
 A.D. 2000-Jan-01 00:00:00.0000,321651,-0.0081484826,1.76654643E-09,-0.0010476169,6.8494233E-09,-0.00041274599999999997,1.46810762E-09,-0.8880698371,4.13511154E-06,4.6037367292,8.37404087E-07,0.4911096078,1.10444246E-06
 A.D. 2000-Jan-01 00:00:00.0000,322540,-0.0071583667,0.000000003,-0.0024675047,1.1652497E-08,-0.0006648264999999999,1.60505298E-09,-1.6423189230000002,7.5874537E-06,4.9069048796,2.99540434E-06,-0.3069867288,1.34128102E-06
 A.D. 2000-Jan-01 00:00:00.0000,322555,-0.0072969289,3.91749837E-09,-0.003183081,1.09441657E-08,-0.0008986253999999998,1.7059488E-09,-1.8936160169,0.000006742,4.4945751815,3.18663871E-06,-0.025192137000000003,1.57515477E-06
 A.D. 2000-Jan-01 00:00:00.0000,325695,-0.0077750515000000004,2.06918431E-09,-0.001649206,8.8005706E-09,0.0005121739,1.49722733E-09,-1.2409297886,5.65470536E-06,4.7545374736,1.3431756E-06,0.6150954753,1.36791996E-06
 A.D. 2000-Jan-01 00:00:00.0000,328381,-0.007356892199999999,3.13800199E-09,-0.0034640191999999997,7.28580985E-09,-0.00030179,1.65362366E-09,-2.1312379117,4.54744978E-06,4.2805003739,2.35156163E-06,0.5822666102,1.19238346E-06
 A.D. 2000-Jan-01 00:00:00.0000,329008,-0.008081602299999999,2.40854034E-09,-0.0014003251999999999,9.90409766E-09,0.0012603994,0.000000002,-0.8342486211,5.90936212E-06,4.5902736332,1.53421063E-06,0.0147662813,1.38018344E-06
 A.D. 2000-Jan-01 00:00:00.0000,331050,-0.007859103499999999,2.06149118E-09,-0.0013852545000000002,8.5075775E-09,0.0006832955000000001,1.60081614E-09,-1.1491312605,0.000005569,4.6678423673000005,1.3474759E-06,0.5763371197,1.84938449E-06
 A.D. 2000-Jan-01 00:00:00.0000,344629,-0.0072090448,0.000000003,-0.0036826941,5.05757326E-09,0.00048815830000000003,1.40444637E-09,-2.3136205455,3.36014959E-06,4.1749759349,1.73725614E-06,0.628218747,1.16321209E-06
 A.D. 2000-Jan-01 00:00:00.0000,347148,-0.0072761890000000015,1.32724052E-09,-0.0010987724,5.32221522E-09,0.001019255,1.11733063E-09,-1.0072516508,3.62254105E-06,5.219892988,8.11102894E-07,0.3171969598,1.17627493E-06
 A.D. 2000-Jan-01 00:00:00.0000,349919,-0.0075078023,3.33529925E-09,0.0021807,8.32710227E-09,-0.0007364458999999999,1.1761063E-09,1.5592278788,5.61659836E-06,4.7538109146,1.54944931E-06,0.2489234409,0.000001206
 A.D. 2000-Jan-01 00:00:00.0000,350051,-0.0078207415,0.000000002,0.0018177727999999999,0.000000006,0.0011955645,1.46832734E-09,1.2744443092,3.57573785E-06,4.6567876713,0.000001422,-0.1883561866,1.10143525E-06
 A.D. 2000-Jan-01 00:00:00.0000,350053,-0.0079917226,1.70165073E-09,0.0013050608,5.36975185E-09,0.00068837,1.59757731E-09,0.9027681570999999,3.38164275E-06,4.7195801494,1.00649311E-06,0.4931185320000001,9.45323959E-07
 A.D. 2000-Jan-01 00:00:00.0000,350825,-0.0079335369,1.5945596E-09,0.0021010145,4.90292354E-09,-0.0001119386,1.28603574E-09,1.2714813108,2.95786321E-06,4.5404191007,1.06112199E-06,0.5398568040999999,1.20427289E-06
 A.D. 2000-Jan-01 00:00:00.0000,352662,-0.0074976802000000006,8.88828586E-10,-0.0001187245,0.000000006,-0.0006797653,1.37530552E-09,-0.281885977,3.91491311E-06,5.1492140214,5.81893482E-07,0.2822718684,1.47945681E-06
 A.D. 2000-Jan-01 00:00:00.0000,352668,-0.0080892682,1.08612751E-09,0.0001728976,0.000000008,-0.00036858919999999996,1.36777478E-09,0.1850727981,4.99705763E-06,4.8331688887,4.96510272E-07,0.5000187527000001,9.22100713E-07
 A.D. 2000-Jan-01 00:00:00.0000,352793,-0.0077153612,0.000000001,-0.0011435633,4.61793071E-09,8.46858303369692e-05,1.33720787E-09,-0.6680611089999999,3.22563911E-06,4.8995087304,7.13847963E-07,0.6302581657,1.63209434E-06
 A.D. 2000-Jan-01 00:00:00.0000,353180,-0.0074194117000000006,1.73005004E-09,0.0015587733,5.55276498E-09,0.000414204,1.24221729E-09,1.1582258235,3.75931407E-06,4.9864656795,1.02627749E-06,0.5806747497,1.21106501E-06
 A.D. 2000-Jan-01 00:00:00.0000,353188,-0.0075182451,2.0870914E-09,-0.0024936916,7.33080818E-09,0.00033606099999999997,1.49891531E-09,-1.4725530962,0.000004818,4.7134248119999995,1.77679007E-06,0.6458875262,1.52813491E-06
 A.D. 2000-Jan-01 00:00:00.0000,353193,-0.007381975799999998,9.26833523E-10,0.0007584228999999999,3.91532063E-09,-0.0008014033,1.13441E-09,0.4378288944,2.50166764E-06,5.2099082768,7.6336059E-07,0.0014983082000000001,1.44482561E-06
 A.D. 2000-Jan-01 00:00:00.0000,353209,-0.007505816899999998,1.16990281E-09,-0.001063184,5.11534895E-09,0.0007008418,1.18366537E-09,-1.0247444862000001,0.000003471,5.0615123427999995,7.75307725E-07,-0.5163116952000001,1.0997936E-06
 A.D. 2000-Jan-01 00:00:00.0000,353346,-0.0081801927,1.24619363E-09,0.0002956662,1.11409088E-08,0.0011149739,1.59900831E-09,-0.0107894227,6.30026318E-06,4.6862561549,8.58882708E-07,-0.2723024122,1.23860564E-06
 A.D. 2000-Jan-01 00:00:00.0000,353350,-0.0077833929,1.2983899E-09,-0.0012741201,7.13761203E-09,-0.0006843817999999999,1.52809857E-09,-0.7704787506999999,4.52824935E-06,4.9174023451,0.000000934,0.3276100608,1.13965117E-06
 A.D. 2000-Jan-01 00:00:00.0000,353351,-0.0080584808,1.45301949E-09,0.000532595,9.72942821E-09,0.0011700604,1.3312887E-09,0.4006959257,5.82392599E-06,4.7927350643,0.000000851,-0.19053537559999997,1.27553826E-06
 A.D. 2000-Jan-01 00:00:00.0000,353356,-0.0080079715,1.54144265E-09,0.000769829,9.32916451E-09,-0.0007007887,1.66841692E-09,0.23365218,5.79933451E-06,4.8199723419,6.43383239E-07,-0.4137060572,1.15439955E-06
 A.D. 2000-Jan-01 00:00:00.0000,353740,-0.0075325715000000015,2.14092857E-09,0.0009086999000000001,1.00859627E-08,0.001153964,0.000000002,0.3297606374,7.00923136E-06,5.12982741,1.12539483E-06,0.0557032597,1.51273275E-06
 A.D. 2000-Jan-01 00:00:00.0000,353743,-0.00764647,0.000000011,-0.0022247225,3.60654989E-08,0.0011952205,1.34505541E-09,-1.614414852,2.22529115E-05,4.6152181269999994,6.51623281E-06,0.10957378150000001,3.66625738E-06
 A.D. 2000-Jan-01 00:00:00.0000,353744,-0.0075021483,0.000000002,-0.0024831795,0.000000006,0.0008354653999999999,1.36705429E-09,-1.5042820974000002,0.000003758,4.643486927200001,1.44216585E-06,-0.49616032909999996,1.09119426E-06
 A.D. 2000-Jan-01 00:00:00.0000,355287,-0.0068425656,3.0690833E-09,-0.0025517722,9.83724689E-09,0.0007026614,1.52353977E-09,-2.1215653666,6.09086469E-06,4.8540286713,2.76646008E-06,-0.5204403812,1.30219507E-06
 A.D. 2000-Jan-01 00:00:00.0000,355756,-0.0081739008,1.47153003E-09,-0.0007484278,1.14232277E-08,0.0002346676,2.07810255E-09,-0.7430150595,0.000006824,4.6213311965,9.42555837E-07,-0.6230442489,1.31467429E-06
 A.D. 2000-Jan-01 00:00:00.0000,355760,-0.0078941442,2.24331994E-09,-0.0020605654,7.72096573E-09,3.90531348705498e-06,1.57333578E-09,-1.5669086197,4.76059848E-06,4.4590565806,1.48772718E-06,0.6017953900999999,1.08627795E-06
 A.D. 2000-Jan-01 00:00:00.0000,355765,-0.0073511348,2.75493459E-09,-0.0032428121000000003,5.90803922E-09,0.0003291671,1.46888124E-09,-2.2390135159,3.76149392E-06,4.3091818783999996,1.7761888E-06,-0.5674548772,1.32794671E-06
 A.D. 2000-Jan-01 00:00:00.0000,355809,-0.0077680790000000015,3.44676604E-09,-0.0020672523,1.65717154E-08,0.0007898519,2.62818659E-09,-1.2235710523,0.000009727,4.6275678788,2.90449486E-06,-0.5240158423,1.47894125E-06
 A.D. 2000-Jan-01 00:00:00.0000,355814,-0.0073803338000000005,1.67993702E-08,-0.0034347883000000004,3.76206754E-08,-0.0005010033,4.63983813E-09,-2.2407871725,2.27096706E-05,4.187497448999999,1.13674896E-05,0.4677077862,2.08971601E-06
 A.D. 2000-Jan-01 00:00:00.0000,355820,-0.0072242826000000005,4.9047943E-09,-0.002685849,0.000000018,-0.0007756309,1.61780143E-09,-1.6655638365,1.11594334E-05,4.7839217664,4.53271024E-06,-0.20920693640000002,1.5873597E-06
 A.D. 2000-Jan-01 00:00:00.0000,355849,-0.0076051962,1.21976732E-09,-0.0013706054000000001,6.70605372E-09,-9.28037130884646e-05,1.38944825E-09,-0.8170748256,4.3071512E-06,4.9225557708,1.11084511E-06,0.6310170722999999,0.00000138
 A.D. 2000-Jan-01 00:00:00.0000,356211,-0.0076031367000000015,0.000000001,-0.0009354410000000001,6.05682763E-09,-0.00010978149999999999,1.53938039E-09,-0.942287038,4.41714502E-06,5.0463842557,0.000000913,-0.6328303207,1.49493684E-06
 A.D. 2000-Jan-01 00:00:00.0000,356222,-0.007923489399999999,0.000000001,-0.0001405422,5.05272085E-09,-0.0005332411,1.17053677E-09,0.0638335686,3.25871236E-06,4.946937795299999,5.99706908E-07,-0.4364812242,1.03825639E-06
 A.D. 2000-Jan-01 00:00:00.0000,356240,-0.0078867427,2.15065847E-09,-0.002027625,7.06041927E-09,0.0011962498,1.65608791E-09,-1.229373413,4.29669056E-06,4.6112750892,1.22523107E-06,0.2053950032,0.000001748
 A.D. 2000-Jan-01 00:00:00.0000,356248,-0.0079379945,2.80590247E-09,0.0016555797,9.55788168E-09,-0.0006922839999999999,1.84448487E-09,1.1200760788,5.86905003E-06,4.6832466274,0.000001333,-0.35293486630000004,1.13755425E-06
 A.D. 2000-Jan-01 00:00:00.0000,356257,-0.0069641558,2.57661368E-09,-0.0024544682,6.89202411E-09,0.0008869633,1.16167366E-09,-1.8767898372999998,4.47356574E-06,4.860354598,1.57885442E-06,0.48164290979999996,1.49453669E-06
 A.D. 2000-Jan-01 00:00:00.0000,356259,-0.0080152808,0.000000002,0.0005858736,1.04768673E-08,0.0010867822,2.13033182E-09,0.5346021329,6.30277592E-06,4.7460499514,9.53835969E-07,0.2727349148,1.6138521E-06
 A.D. 2000-Jan-01 00:00:00.0000,356270,-0.0069511817000000005,2.2027964E-09,-0.0030140177,5.47271866E-09,-0.00019630450000000002,1.19092229E-09,-2.0512522075,3.52834731E-06,4.7215235488,1.62612156E-06,-0.5772937287,1.28334889E-06
 A.D. 2000-Jan-01 00:00:00.0000,356284,-0.0068869463,4.4674083E-09,-0.0038884421000000002,9.15000889E-09,0.0008393539,1.84027471E-09,-2.475013123,5.77061484E-06,4.233137262,3.57920837E-06,-0.4538110153,1.60263878E-06
 A.D. 2000-Jan-01 00:00:00.0000,356426,-0.0077913062,1.10224293E-09,0.0008781456,5.29417456E-09,-0.0007726367999999999,1.55953888E-09,0.2821180906,3.44910184E-06,4.9734659289,8.7011851E-07,0.1638742307,1.51440183E-06
 A.D. 2000-Jan-01 00:00:00.0000,356449,-0.0077943792000000015,2.19947922E-09,-0.0015095325,6.18258464E-09,0.0011263507000000002,1.47850803E-09,-0.8504732395,3.73727442E-06,4.7714954599,8.55103304E-07,-0.2311828779,1.06339825E-06
 A.D. 2000-Jan-01 00:00:00.0000,356902,-0.0082315779,0.000000003,-0.0004996143,0.000000031,-0.0007125102,4.54667939E-09,-0.4814257914,0.000020051,4.6490859682,1.70391352E-06,0.30340681129999997,3.0858347E-06
 A.D. 2000-Jan-01 00:00:00.0000,356905,-0.008259379300000001,1.54826588E-09,-0.0013644704000000001,6.30984017E-09,0.0008407755,1.48395378E-09,-0.8774558536,3.6630601E-06,4.4938326329,8.74917616E-07,-0.4613413234000001,1.02681195E-06
 A.D. 2000-Jan-01 00:00:00.0000,356913,-0.0075220516,2.37609104E-09,-0.0023269153,8.4082269E-09,0.0011415888,1.32005356E-09,-1.355422489,5.11248658E-06,4.6953692542,1.75732583E-06,-0.23081004370000002,1.19645833E-06
 A.D. 2000-Jan-01 00:00:00.0000,359345,-0.0075726465,1.93559098E-09,-0.0010102432000000001,0.000000011,-0.0005221724,2.22669545E-09,-1.0347804561,7.92093638E-06,5.0404431419,1.32887396E-06,0.464782756,2.42593695E-06
 A.D. 2000-Jan-01 00:00:00.0000,359357,-0.0076384239,1.14570475E-08,-0.0019719207,4.12500367E-08,0.0005021672,5.52277481E-09,-1.5728910155000002,2.62702201E-05,4.631057365899999,7.10333826E-06,0.6333717182999999,2.29951374E-06
 A.D. 2000-Jan-01 00:00:00.0000,359360,-0.0069282026,3.80717793E-08,-0.0041669946000000005,5.98758041E-08,-0.00011946040000000001,8.60711465E-09,-2.7727760897000002,0.00004001,3.9435873158,2.42402563E-05,-0.5708614742,1.76476379E-06
 A.D. 2000-Jan-01 00:00:00.0000,359361,-0.0074971112,3.8143016E-09,-0.0031060859999999997,0.000000009,0.0002248325,2.05104899E-09,-2.1349046680000003,5.73837107E-06,4.2501565614,2.62452705E-06,0.6524199225,0.00000147
 A.D. 2000-Jan-01 00:00:00.0000,359368,-0.0066949652,0.000000011,-0.0033263475,2.27216851E-08,0.0008909562,2.53742687E-09,-2.5452485293000002,1.47536395E-05,4.5102594963,7.54654524E-06,0.5162916833,2.3473203E-06
 A.D. 2000-Jan-01 00:00:00.0000,359594,-0.008114979100000001,7.9096141E-09,-0.0013437763,4.38371566E-08,0.0011599611,0.000000003,-0.9047402409,2.49276613E-05,4.5706134145999995,3.64733116E-06,0.2863165391,3.82541836E-06
 A.D. 2000-Jan-01 00:00:00.0000,359943,-0.0081076166,2.28290784E-09,-0.0013600004,1.03997046E-08,0.0010130283000000001,1.8818476E-09,-0.9103648326999999,5.98367653E-06,4.5693545168,1.45075615E-06,0.4066469918,1.34769464E-06
 A.D. 2000-Jan-01 00:00:00.0000,360031,-0.0072260799,3.36443614E-09,-0.0029926406,5.72033078E-09,0.0011416761,1.29285135E-09,-1.8494192812,3.794107E-06,4.6035625081000004,1.33307427E-06,0.189693665,1.32117922E-06
 A.D. 2000-Jan-01 00:00:00.0000,360072,-0.0078372046,0.000000001,-5.009e-06,2.03840471E-08,-0.0008485917,1.1393726E-09,-0.3562230678,1.32103674E-05,4.9868540112,7.91243891E-07,-0.0180419141,1.93840637E-06
 A.D. 2000-Jan-01 00:00:00.0000,360076,-0.007800363199999999,2.93889009E-09,-0.0015261317999999999,2.25353203E-08,-0.0004904381,2.67960524E-09,-0.8720017478000001,1.42304298E-05,4.8661891407999995,0.000003136,-0.4698974718,1.39905401E-06
 A.D. 2000-Jan-01 00:00:00.0000,360079,-0.007940803100000001,0.000000002,0.001791284,6.28090244E-09,-0.0003603536,1.33389319E-09,1.2331182313,0.000003879,4.6144835697,1.08070276E-06,0.4832967437,9.69252238E-07
 A.D. 2000-Jan-01 00:00:00.0000,361999,-0.007019343199999999,2.25821273E-08,-0.0040102065,3.98889566E-08,-0.0007614805,0.000000003,-2.6443652786,2.46502666E-05,4.0119400867,1.48757782E-05,-0.2839144845,0.000003347
 A.D. 2000-Jan-01 00:00:00.0000,365037,-0.0077895803000000005,2.45057995E-09,-0.0025926993,8.56216914E-09,-6.3145e-05,1.87379924E-09,-1.6242686972999998,5.08681974E-06,4.3973039577,2.09311664E-06,0.6085531904,0.000001423
 A.D. 2000-Jan-01 00:00:00.0000,366254,-0.008265945600000001,1.12471137E-09,-0.000376045,5.59494329E-09,-0.0006080796,1.35484396E-09,-0.24105681850000002,3.31613829E-06,4.6450569661,6.75608316E-07,-0.40364081469999996,1.11240781E-06
 A.D. 2000-Jan-01 00:00:00.0000,366317,-0.0082388314,1.31206448E-09,-0.0009671949000000001,8.85749251E-09,0.0004671972,1.94221241E-09,-0.4848420608,5.2051022E-06,4.6018570793,8.64640294E-07,-0.5917609084000001,1.23318581E-06
 A.D. 2000-Jan-01 00:00:00.0000,386967,-0.0079185491,1.76033079E-09,-0.0016166973000000002,6.90556093E-09,-0.000684006,1.83643659E-09,-0.8613739698999999,4.11256156E-06,4.6935341241,1.13070193E-06,0.36147361840000003,1.32630598E-06
 A.D. 2000-Jan-01 00:00:00.0000,387390,-0.0080207342,1.38289993E-09,0.0012583801,5.69544083E-09,0.0009973952,1.65355563E-09,0.4368382568,3.57570323E-06,4.7318050035,9.3185451E-07,-0.4046374903,1.42449602E-06
 A.D. 2000-Jan-01 00:00:00.0000,388891,-0.0075750867000000015,1.48340307E-09,0.0006558715,0.00000001,-0.0005525005,1.6282151E-09,0.2003832511,6.62054274E-06,5.0948558649,7.64261372E-07,0.4279662007,0.000001692
 A.D. 2000-Jan-01 00:00:00.0000,389316,-0.008075186600000001,1.15496506E-08,0.0013633418,4.7933805E-08,-7.58065131556422e-05,6.31636361E-09,0.9934617526999999,2.82592564E-05,4.6122544733,5.06277047E-06,0.5789594355,1.92335391E-06
 A.D. 2000-Jan-01 00:00:00.0000,389317,-0.007642709799999999,1.17825279E-09,0.0011238462,5.59260077E-09,-0.000814461,1.09849311E-09,0.45972330409999995,3.57714077E-06,5.025712711000001,7.10291782E-07,-0.1493606068,1.17935556E-06
 A.D. 2000-Jan-01 00:00:00.0000,389318,-0.0081729353,1.92844891E-09,-0.0003794811,4.63967619E-08,-0.0008788839999999999,1.49320211E-09,-0.4154451703,2.81951941E-05,4.7678036945999995,1.94409374E-06,-0.1153533005,0.000003249
 A.D. 2000-Jan-01 00:00:00.0000,389323,-0.008160768,5.37042E-09,0.0008828377,4.41241468E-08,0.0007002053,5.50930084E-09,0.330301213,2.57960987E-05,4.6719883686,2.72118294E-06,0.543301622,0.000002828
 A.D. 2000-Jan-01 00:00:00.0000,389327,-0.0076539361,0.000000003,0.0009510094,2.04523885E-08,-6.95752020172397e-05,0.000000003,0.3301087929,1.27243859E-05,5.0121020809,1.34936881E-06,0.6063799857,1.71837607E-06
 A.D. 2000-Jan-01 00:00:00.0000,389332,-0.008002826999999999,2.3424079E-09,0.0012011192,9.69283066E-09,0.0011663536,2.23535362E-09,0.8062733964,5.89339393E-06,4.6658702051,1.21924863E-06,0.20488348739999998,2.00235564E-06
 A.D. 2000-Jan-01 00:00:00.0000,389560,-0.008220715,2.6132137E-08,0.0009504767,1.50669484E-07,2.9753813816063697e-05,1.84219898E-08,0.5793692109,9.38816117E-05,4.6289579557,9.74715966E-06,0.5563277853,2.27905024E-06
 A.D. 2000-Jan-01 00:00:00.0000,389823,-0.0070755496999999985,2.38839835E-09,-0.0025161415,5.64249681E-09,0.0011343474,0.000000001,-1.6615399939,3.64644273E-06,4.8659232282,1.32755825E-06,0.06897643490000001,0.000001219
 A.D. 2000-Jan-01 00:00:00.0000,389824,-0.006937640300000001,2.35429109E-08,-0.002959765,4.78795402E-08,0.0010419072,2.71117193E-09,-2.4120177079,3.21045655E-05,4.574385113,1.28743196E-05,-0.2113933509,4.81449792E-06
 A.D. 2000-Jan-01 00:00:00.0000,390322,-0.0073428730000000015,1.73078742E-09,0.0013797132000000001,0.000000006,0.0009358217,1.34081895E-09,1.0809072009,3.97618129E-06,5.09643671,1.09176954E-06,0.3509206546,1.05749492E-06
 A.D. 2000-Jan-01 00:00:00.0000,390344,-0.007286744300000002,8.21567894E-09,-0.0017020459,4.86679947E-08,-0.0006423868000000001,4.84728033E-09,-1.278324737,3.34235586E-05,5.0205978543,8.90769128E-06,0.36375429439999996,4.00111302E-06
 A.D. 2000-Jan-01 00:00:00.0000,390347,-0.0070209242000000005,8.0505167E-09,-0.0028703726,1.91902664E-08,0.0009517625,2.22208442E-09,-2.3655319941,1.30301896E-05,4.5756820472,5.90711435E-06,-0.3483541832,2.24728671E-06
 A.D. 2000-Jan-01 00:00:00.0000,390349,-0.0082027674,1.31141336E-09,-6.91427017078222e-05,1.00577296E-08,0.0012660425,1.6894807E-09,-0.1317069907,5.7364872E-06,4.66331752,7.73168121E-07,-0.09810104039999999,1.35822852E-06
 A.D. 2000-Jan-01 00:00:00.0000,390352,-0.0076426391,4.12591749E-09,-0.0030816235999999997,9.82390891E-09,0.0007622202,2.57913192E-09,-1.8602112713999999,6.04710781E-06,4.2887236692,0.00000252,-0.4662725038,2.11774031E-06
 A.D. 2000-Jan-01 00:00:00.0000,390358,-0.0072842344999999985,3.16769942E-09,-0.0031977851,6.5160041E-09,-0.00083418,2.30354345E-09,-2.3222896113,0.000004159,4.3548727601,2.10844964E-06,0.0427440794,1.37727916E-06
 A.D. 2000-Jan-01 00:00:00.0000,390362,-0.0070060335,2.54046152E-09,-0.0028020665999999995,7.42633538E-09,0.0004496711,1.52145158E-09,-1.9368391312,4.72115342E-06,4.7933553123,2.10839895E-06,-0.6033029375,1.02254761E-06
 A.D. 2000-Jan-01 00:00:00.0000,391792,-0.0070114437,4.44021075E-09,-0.00242093,1.63369089E-08,0.00042560879999999996,2.49482945E-09,-1.8325694906999999,1.07687794E-05,4.9479446237,4.28061786E-06,-0.6423859066,0.000001479
 A.D. 2000-Jan-01 00:00:00.0000,392206,-0.0078414218,2.46512151E-09,-0.0016098797,1.0738428E-08,0.0001820005,2.30932453E-09,-1.3200539649,6.93615944E-06,4.7097591130000005,0.00000173,-0.6325913474,1.76871119E-06
 A.D. 2000-Jan-01 00:00:00.0000,392227,-0.0072992184999999985,2.15886604E-08,-0.0034580931,0.00000005,-0.0005507693,4.64042807E-09,-2.1722528147,3.12520985E-05,4.3128515044,1.54682905E-05,-0.39947121659999996,3.0802219E-06
 A.D. 2000-Jan-01 00:00:00.0000,392239,-0.0071202491,5.93885651E-09,-0.0019654574,2.37999789E-08,0.0009630925999999999,2.4397975E-09,-1.5469807466999999,1.45625771E-05,4.9701173416,0.000004149,0.4098062061,2.60746455E-06
 A.D. 2000-Jan-01 00:00:00.0000,392309,-0.0065614973,4.7222297E-09,-0.0035737221,7.74066583E-09,0.0011414969,0.000000001,-2.7984509233,5.09112611E-06,4.3584642211,0.000002685,0.10452752779999999,1.24190259E-06
 A.D. 2000-Jan-01 00:00:00.0000,392460,-0.0074676551,7.55824739E-08,-0.0029538570000000003,2.08458918E-07,0.0011914571,2.80870793E-09,-1.7756589118000001,0.0001255014,4.497623928,4.79099026E-05,-0.019085499199999998,0.000019852
 A.D. 2000-Jan-01 00:00:00.0000,392461,-0.0074331992000000015,1.4767531E-08,-0.0025154871,5.17127649E-08,0.0010677816,3.51612686E-09,-1.5280106241999998,3.13977063E-05,4.7303666606,1.03881847E-05,0.3186917271,0.000004772
 A.D. 2000-Jan-01 00:00:00.0000,392462,-0.0070717014,7.34017706E-08,-0.0025745139,1.8740005E-07,0.0011121649,8.86291371E-09,-2.0793064249,0.0001251317,4.7454960879,4.41198611E-05,0.2623637865,1.97484156E-05
 A.D. 2000-Jan-01 00:00:00.0000,392703,-0.0080341272,3.54720959E-09,0.0002075828,6.14982989E-08,0.0012142718,3.30251743E-09,-0.0361174008,3.76423732E-05,4.8438181286,1.07632031E-06,0.1699475975,5.83007045E-06
 A.D. 2000-Jan-01 00:00:00.0000,393144,-0.0076922547,2.43251408E-09,-0.0020402487,8.89263261E-09,0.0011308525,1.5523981E-09,-1.3295212511,5.69287006E-06,4.706859805,1.78846282E-06,-0.1972467441,1.86975994E-06
 A.D. 2000-Jan-01 00:00:00.0000,396140,-0.0069792999,2.58838473E-09,-0.0028068158,7.13585411E-09,0.0006912488,1.5801512E-09,-1.8956109568000001,4.45171614E-06,4.7920296416,2.2427154E-06,-0.5103019332000001,1.28327035E-06
 A.D. 2000-Jan-01 00:00:00.0000,396159,-0.0080448455,1.6152761E-09,-0.0015500306,8.12686337E-09,0.000322066,1.76963296E-09,-0.7638571734999999,5.13636512E-06,4.6348138368,1.23010075E-06,0.5916588065999999,1.97065098E-06
 A.D. 2000-Jan-01 00:00:00.0000,396405,-0.007989349599999999,6.57159529E-09,-0.001609768,0.000000043,-9.444353249901312e-06,5.64098368E-09,-0.9323050536,0.000025674,4.6478818587,5.4337807E-06,0.5977409535,1.57272849E-06
 A.D. 2000-Jan-01 00:00:00.0000,398616,-0.0078287943,4.42954916E-09,0.0014610247,3.03024375E-08,0.0012070138000000001,2.24019657E-09,0.6308444103999999,1.70135048E-05,4.800669754499999,3.86982559E-06,0.048960487000000004,2.92330279E-06
 A.D. 2000-Jan-01 00:00:00.0000,398800,-0.0074400361,2.14581827E-09,0.0013281001,8.1095324E-09,0.0011244177,1.50645251E-09,0.9802664431999999,5.19009382E-06,5.0234233073,1.36063146E-06,0.039465025699999996,1.29243086E-06
